{
    "loss": 0.008721314370632172,
    "accuracy": 0.9960674047470093,
    "val_loss": 0.06498472392559052,
    "val_accuracy": 0.9750000238418579,
    "lr": 7.500000356230885e-05,
    "model_name": "trinh nhat huy's model"
}